{
  "multiline_text_edit_control@common.multiline_text_edit_box": {
    "anchor_from": "left_middle",
    "anchor_to": "left_middle",
    "property_bag": {
      "#property_field": "#item_name"
    },
    "max_length": 100,
    "$text_edit_binding_name": "#text_box_item_name",
    "$text_edit_box_label_size": [
      "default",
      40
    ]
  },
  "multiline_text_edit_panel": {
    "type": "panel",
    "anchor_from": "left_middle",
    "anchor_to": "left_middle",
    "size": [
      115,
      45
    ],
    "offset": [
      0,
      2
    ],
    "controls": [
      {
        "multiline_text_edit_control@anvil.multiline_text_edit_control": {
          
        }
      }
    ]
  },
  "anvil_title_and_text_panel": {
    "type": "panel",
    "anchor_from": "top_left",
    "anchor_to": "top_left",
    "size": [
      "80%",
      "100%"
    ],
    "offset": [
      "20%",
      0
    ],
    "controls": [
      {
        "title_panel@anvil.title_panel": {
          
        }
      },
      {
        "multiline_text_edit_panel@anvil.multiline_text_edit_panel": {
          
        }
      }
    ]
  },
  "title_label@anvil.generic_label": {
    "offset": [
      0,
      3
    ],
    "anchor_from": "bottom_middle",
    "anchor_to": "bottom_middle",
    "text": ""
  },
  "top_half_panel": {
    "type": "panel",
    "anchor_from": "top_left",
    "anchor_to": "top_left",
    "size": [
      "100% - 14px",
      "50%"
    ],
    "offset": [
      7,
      7
    ],
    "controls": [
      {
        "icon_and_text_panel@anvil.icon_and_text_panel": {
          
        }
      },
      {
        "recipe_panel@anvil.recipe_panel": {
          
        }
      }
    ]
  },
  "recipe_panel": {
    "type": "panel",
    "anchor_from": "top_left",
    "anchor_to": "top_left",
    "size": [ "100%", "60%" ],
    "offset": [ 0, "40%" ],
    "controls": [
      { "recipe_grid@anvil.recipe_grid": { } },
      {
        "cost_label_0@anvil.cost_label": {
          "color": "$anvil_cost_fail_text_color",
		  "offset": [0, -5],
          "bindings": [
            {
              "binding_name": "#cost_text",
              "binding_name_override": "#text"
            },
            {
              "binding_name": "#cost_text_red",
              "binding_name_override": "#visible"
            }
          ]
        }
      },
      {
        "cost_label_1@anvil.cost_label": {
          "color": "$anvil_cost_success_text_color",
		  "offset": [0, -5],
          "bindings": [
            {
              "binding_name": "#cost_text",
              "binding_name_override": "#text"
            },
            {
              "binding_name": "#cost_text_green",
              "binding_name_override": "#visible"
            }
          ]
        }
      }
    ]
  }
}