{
  "namespace": "cartography",
  "cartography_panel": {
    "type": "panel",
    "controls": [
      { "container_gamepad_helpers@common.container_gamepad_helpers": {} },
      {
        "flying_item_renderer@common.flying_item_renderer": {
          "layer": 8
        }
      },
      { "selected_item_details_factory@common.selected_item_details_factory": {} },
      {
        "root_panel@common.root_panel": {
          "size": [ "100% - 44px", "100%" ],
          "max_size": [ 176, 220 ],
          "layer": 1,
          "$show_close_button": false,
          "controls": [
            { "common_panel@common.common_panel": {} },
            {
              "cartography_screen_inventory": {
                "type": "panel",
                "layer": 2,
                "controls": [
                  { "top_half_panel@cartography.top_half_panel": {} },
                  { "inventory_panel_bottom_half_with_label@common.inventory_panel_bottom_half_with_label": {} },
                  { "hotbar_grid@common.hotbar_grid_template": {} },
                  { "inventory_take_progress_icon_button@common.inventory_take_progress_icon_button": {} }
                ]
              }
            },
            { "inventory_selected_icon_button@common.inventory_selected_icon_button": {} },
            { "gamepad_cursor@common.gamepad_cursor_button": {} },
            {
              "tab_close_and_help_button@common_tabs.tab_close_and_help_button": {
                "anchor_from": "top_right",
                "anchor_to": "top_left",
                "size": [ 26, "100%c + 7px" ],
                "offset": [ -4, 0 ]
              }
            }
          ]
        }
      }
      
    ]
  }
}