{
  "namespace": "hud",

  "hotbar_chooser": {
    "type": "panel",
    "size": ["100%c", "100%c"],
    "$ignore_desktop": true,
    "$ignore_pocket": false,
    "variables": [
      {
        "requires": "($desktop_screen and not $education_edition)",
        "$ignore_desktop": false,
        "$ignore_pocket": true
      }
    ],

    "controls": [
      {
        "desktop_hotbar@hotbar_panel": {
          "ignored": "$ignore_desktop",
          //Changed offset from -4 to -3
          "offset": [-3, 0]
        }
      },
      {
        "pocket_hotbar@hotbar_panel": {
          "ignored": "$ignore_pocket",
          "size": ["100%c", 18],
          "offset": [-3, -2]
        }
      }
    ]
  }
}
  "root_panel": {
    "modifications": [
      {
        "array_name": "controls",
        "operation": "insert_front",
        "value": {
          "armor_hud_renderer@hud.armor_hud_renderer": {}
        }
      }
    ]
  },