{"info_panel":{"alpha":0,"modifications":[{"array_name":"controls","operation":"insert_front","value":[{"info_panel_edge_bar@pause.info_panel_edge_bar":{"$sidebar_section_right_edge_color|default":"black","anchor_from":"left_middle","anchor_to":"left_middle","color":"$sidebar_section_right_edge_color","layer":5,"offset":[-2,0]}}]}]},"info_panel_background":{"anchor_from":"right_middle","anchor_to":"left_middle","offset":[-152,0],"size":["40% + 150px","150%"]},"info_panel_content_list/vertical_padding":{"size":[0,2]},"menu_the_rest_panel":{"max_size":[210,"100%"]},"pause_screen":{"$render_bg":true},"pause_screen_main_panels":{"modifications":[{"array_name":"controls","operation":"insert_back","value":[{"info_stack_panel":{"controls":[{"info_panel_toggle@pause.info_panel_toggle":{}},{"info_panel@pause.info_panel":{"bindings":[{"binding_type":"view","source_control_name":"info_panel_toggle","source_property_name":"#toggle_state","target_property_name":"#visible"}]}}],"size":["100%c - 18px","100%"],"type":"panel"}}]}]},"pause_screen_main_panels/info_panel":{"ignored":true},"player_list/invite_players_button_panel":{"ignored":true},"player_list/players_label":{"ignored":true},"player_list/vertical_padding_2":{"ignored":true},"player_list/vertical_padding_4":{"ignored":true},"player_list_scrolling_panel":{"size":["100%","fill"]},"the_icon_panel/stacked_column":{"modifications":[{"array_name":"controls","operation":"insert_back","value":[{"take_screenshot_padding":{"size":["2%",0],"type":"panel"}},{"tyel_about_btn@pause.column_frame":{"controls":[{"tyel_about_button@pause.tyel_about_icon_button":{}}],"size":[28,32]}}]}]},"the_icon_panel/stacked_column/take_screenshot_btn":{"bindings":[]}}