{
  "save_info": {
    "type": "label",
    "text": "screenshot.saveInfo",
    "font_size": "small",
    "color": "$main_header_text_color",
    "shadow": true,
    "anchor_from": "top_left",
    "anchor_to": "top_left",
    "layer": 5
  },

  "save_location_info@screenshot.save_info": {
    "offset": [ 0, 6 ],
    "text": "$text",
    "$text|default": "screenshot.saveLocation",
    "variables": [
      {
        "requires": "$win10_edition",
        "$text": "screenshot.saveLocationWin10"
      },
      {
        "requires": "$is_android",
        "$text": "screenshot.saveLocationAndroid"
      }
    ]
  },

  "save_info_panel": {
    "ignored": "((not $win10_edition) and (not $is_ios) and (not $is_android))",
    "type": "panel",
    "anchor_from": "top_left",
    "anchor_to": "top_left",
    "controls": [
      { "save_info@screenshot.save_info": {} },
      { "save_location_info@screenshot.save_location_info": {} }
    ]
  },

  "content_panel/popup_content": {
    "modifications": [
      {
        "array_name": "controls",
        "operation": "insert_back",
        "value": [
          {
            "save_info@screenshot.save_info_panel": {
              "size": [ "100%", 12 ],
              "offset": [ 0, "25%" ]
            }
          }
        ]
      }
    ]
  }
}