{
  "namespace": "trade2",

  "top_half_stack_panel": {
    "type": "stack_panel",
    "orientation": "horizontal",
    "size": ["100%c", "100%cm"],
    "controls": [
      {
        "item_slots_holder": {
          "type": "panel",
          "size": ["100%c", "100%c"],
          "inherit_max_sibling_height": true,
          "controls": [
            { "item_slots_stack_panel@trade2.item_slots_stack_panel": {} }
          ]
        }
      },
      {
        "padding_1": {
          "type": "panel",
          "size": [1, 0]
        }
      },
      {
        "trade_button_holder": {
          "type": "panel",
          "size": ["100%c", 0],
          "inherit_max_sibling_height": true,
          "controls": [{ "trade_button@trade2.trade_button": {} }]
        }
      },
      {
        "how_to_play_button_holder": {
          "type": "panel",
          "size": ["100%c - 1px", 0],
          "inherit_max_sibling_height": true,
          "controls": [
            {
              "quick_trade_button@trade2.quick_trade_button": {
                "anchor_from": "right_middle",
                "anchor_to": "right_middle"
              }
            }
          ]
        }
      }
    ]
  },

  "quick_trade_button@crafting.quick_craft_button": {
    "offset": [2, 0],
    "property_bag": {
      "#collection_name": "trade2_result_item"
    },
    "button_mappings": [
      {
        "from_button_id": "button.menu_select",
        "to_button_id": "button.container_auto_place",
        "mapping_type": "pressed"
      }
    ]
  },
  "hover_button": {
    "type": "button",
    "layer": 1,
    "default_focus_precedence": 1,
    "hover_control": "hover_text",
    "consume_event": false,
    "button_mappings": [
      {
        "to_button_id": "button.container_slot_hovered",
        "mapping_type": "pressed",
        "consume_event": false
      }
    ],
    "controls": [
      {
        "hover_text@common.hover_text": {
          "bindings": [
            { "binding_type": "collection_details" },
            { "binding_name": "#hover_text", "binding_condition": "visible" }
          ]
        }
      }
    ],
    "bindings": [{ "binding_type": "collection_details" }]
  },
  "trade_icons@trade2.toggle_content": {
    "layer": 11,
    "offset": [0, 4],
    "$template_toggle": "trade2.toggle_content"
  },
  "trade_toggle_holder": {
    "type": "panel",
    "size": ["100%", "60%c - 1px"],
    "controls": [
      {
        "trade_toggle@trade2.trade_toggle": {
          "anchor_from": "top_middle",
          "anchor_to": "top_middle"
        }
      },
      {
        "trade_icons@trade2.trade_icons": {
          "anchor_from": "top_middle",
          "anchor_to": "top_middle"
        }
      }
    ]
  },

  "tier_stack_panel": {
    "type": "stack_panel",
    "size": ["100%", "100%c + 1px"],
    "orientation": "vertical",
    "controls": [
      { "padding": { "type": "panel", "size": [0, 2] } },
      {
        "tier_label_holder": {
          "type": "panel",
          "size": ["100%", "100%cm"],
          "controls": [
            {
              "tier_label@trade2.tier_label": {
                "size": ["100%", "default"],
                "offset": [2, 0],
                "layer": 2
              }
            },
            {
              "tier_label_locked@trade2.tier_label_locked": {
                "size": ["100%", "default"],
                "offset": [2, 0],
                "layer": 2
              }
            }
          ],
          "bindings": [
            {
              "binding_name": "#show_level",
              "binding_name_override": "#visible"
            }
          ]
        }
      },
      { "trade_toggle_stack_panel@trade2.trade_toggle_stack_panel": {} }
    ],
    "bindings": [
      {
        // "binding_name": "#tier_visible",
        "binding_name_override": "#visible",
        "binding_type": "collection",
        "binding_collection_name": "$collection_name",
        "binding_condition": "always"
      }
    ]
  }
}
