

{
"namespace":"turtle_assets",

"panel_scrolling@common.scrolling_panel":{
"$show_background":true,
"$scrolling_content":"turtle_assets.pov_contents",
"layer":0
},


"pov_contents":{
"type":"panel",
"size":["100%","100%"],
"controls":[
{
"show_armor_hud@pausett.button_toggle2":{
"$toggle_view_binding_name":"hud_armor",
"size":["50%",18],
"offset":[0,0],
"layer":3,
"anchor_to":"top_left",
"anchor_from":"top_left",
"$toggle_name":"null",
"$show_text":"Hide Armor Hud",
"$hide_text":"Show Armor Hud"
}
},
{
"show_direction_hud@pausett.button_toggle2":{
"$toggle_view_binding_name":"hud_direction",
"size":["50%",18],
"offset":["50%",0],
"anchor_to":"top_left",
"anchor_from":"top_left",
"layer":3,
"$toggle_name":"null",
"$show_text":"Hide Direction Hud",
"$hide_text":"Show Direction Hud"
}
},
{
"show_status_hud@pausett.button_toggle2":{
"$toggle_view_binding_name":"hud_status",
"size":["50%",18],
"layer":3,
"offset":[0,18],
"anchor_to":"top_left",
"anchor_from":"top_left",
"$toggle_name":"null",
"$show_text":"Hide Status Hud",
"$hide_text":"Show Status Hud"
}
},
{
"show_offhand_hud@pausett.button_toggle2":{
"$toggle_view_binding_name":"hud_offhand",
"size":["50%",18],
"offset":["50%",18],
"layer":3,
"anchor_to":"top_left",
"anchor_from":"top_left",
"$toggle_name":"null",
"$show_text":"Hide Offhand Hud",
"$hide_text":"Show offhand Hud"
}
},
{
"show_mainhand_hud@pausett.button_toggle2":{
"$toggle_view_binding_name":"hud_mainhand",
"size":["50%",18],
"offset":["0%",36],
"anchor_to":"top_left",
"anchor_from":"top_left",
"layer":3,
"$toggle_name":"null",
"$show_text":"Hide Mainhand Hud",
"$hide_text":"Show Mainhand Hud"
}
},
{
"show_timer_hud@pausett.button_toggle2":{
"$toggle_view_binding_name":"hud_timer",
"size":["50%",18],
"offset":["50%",36],
"anchor_to":"top_left",
"anchor_from":"top_left",
"layer":3,
"$toggle_name":"null",
"$show_text":"Hide Timer Hud",
"$hide_text":"Show Timer Hud"
}
},
{
"hudegui_button@common.button":{
"$pressed_button_name":"button.hide_gui_all",
"size":["50%",18],
"offset":[0,54],
"anchor_to":"top_left",
"anchor_from":"top_left",
"layer":1,
"$button_text":"Hide GUI",
"controls":[
{
"hideguinuttontexture":{
"type":"image",
"texture":"textures/uidx/pause_panel"
}
},
{
"health_label":{
"type":"label",
"layer":2,
"text":"HIDEGUI"
}
}
]
}
}
]
},
"render_panel":{
"type":"panel",
"size":["50%","100%"],
"anchor_to":"top_middle",
"anchor_from":"top_middle",
"controls":[
{
"heart_renderer":{
"type":"custom",
"layer":2,
"anchor_to":"top_middle",
"anchor_from":"top_middle",
"offset":[-10,20],
"renderer":"heart_renderer"
}
},
{
"armor_renderer":{
"type":"custom",
"layer":2,
"anchor_to":"top_middle",
"anchor_from":"top_middle",
"offset":[-10,50],
"renderer":"armor_renderer",
"property_bag":{
"#use_heart_offset":false
}
}
},
{
"hunger_renderer":{
"type":"custom",
"layer":2,
"anchor_to":"top_middle",
"anchor_from":"top_middle",
"offset":[70,60],
"renderer":"hunger_renderer",
"property_bag":{
"#use_heart_offset":false
}
}
}
]
},





"player_panel":{
"type":"panel",
"size":["25%","75%"],
"anchor_to":"left_middle",
"anchor_from":"left_middle",
"controls":[
{
"bg":{
"type":"image",
"texture":"textures/ui/dialog_background_hollow_4",
"controls":[
{
"paper_doll":{
"type":"custom",
"size":["30%","30%"],
"offset":[0,-40],
"anchor_to":"bottom_middle",
"anchor_from":"bottom_middle",
"renderer":"live_player_renderer",
"property_bag": {
 "#look_at_cursor": true
}
}
},
{
"render_panel@turtle_assets.render_panel":{}
}
]
}
}
]
},


"header_background":{
"type":"image",
"size":["100%","20px"],
"offset":[0,"-2px"],
"anchor_from":"bottom_middle",
"anchor_to":"bottom_middle",
"texture":"textures/ui/Banners",
"controls":[
{
"header_label":{
"type":"label",
"color":"$body_text_color",
"layer":1,
"anchor_from":"center",
"anchor_to":"center",
"text_alignment":"center",
"max_size":["95%",10],
"text":"$text"
}
}
]
},

"info_label":{
"type":"label",
"size":["100%","default"],
"color":"$main_header_text_color",
"offset":[15,0]
},

"header":{
"type":"panel",
"size":["100%","28px"],
"controls":[
{
"header@turtle_assets.header_background":{}
}
]
}
}size":["95%",10],
"alpha": 0.9,
"font_type": "smooth",
"font_size": "medium",
"text":"$text"

}
}
]
},

"info_label":{
"type":"label",
"size":["100%","default"],
"color":"$main_header_text_color",
"offset":[15,0]
},

"header":{
"type":"panel",
"size":["100%","28px"],
"controls":[
{
"logo@turtle_assets.logo":{}},
{
"header@turtle_assets.header_background":{}
}
]
}
}