{
"namespace":"turtle_mods",




"panel_scrolling@common.scrolling_panel":{
"$show_background":true,
"$scrolling_content":"turtle_mods.mod_contents",
"layer":0
},


"mod_contents":{
"type":"panel",
"size":["100%","100%"],
"controls":[
{
"direction_mod_panel":{
"type":"panel",
"size":["33%","40%"],
"offset":[0,5],
"layer":3,
"anchor_to":"top_left",
"anchor_from":"top_left",
"controls":[
{
"background": {
"type": "image",
"anchor_from": "top_middle",
"anchor_to": "top_middle",
"texture": "textures/uidx/black",
"offset":[0,0],
"size": ["100%","100%"],
"layer": 1
}
},
{
"icon": {
"type": "image",
"anchor_from": "top_middle",
"anchor_to": "top_middle",
"texture": "textures/mod/directionhud",
"offset":[0,4],
"size": [ 20, 20 ],
"layer": 2
}
},
{
        "title": {
"type": "label",
"anchor_from": "top_middle",
"anchor_to": "top_middle",
    "font_scale_factor": 0.8,
    "font_type": "smooth",
"text": "Direction Hud",
"offset":[0,25],
"layer": 2
}
},
{
"show_mod@pausett.button_toggle2":{
"$toggle_view_binding_name":"hud_direction",
"size":["98%",15],
"offset":[0,0],
"layer":3,
"anchor_to":"bottom_middle",
"anchor_from":"bottom_middle",
"$toggle_name":"null",
"$show_text":"E N A B L E D",
"$hide_text":"D I S A B L E D"

}
}
]
}
},



{
"armor_mod_panel":{
"type":"panel",
"size":["33%","40%"],
"offset":[0,5],
"layer":3,
"anchor_to":"top_middle",
"anchor_from":"top_middle",
"controls":[
{
"background": {
"type": "image",
"anchor_from": "top_middle",
"anchor_to": "top_middle",
"texture": "textures/uidx/black",
"offset":[0,0],
"size": ["100%","100%"],
"layer": 1
}
},
{
"icon": {
"type": "image",
"anchor_from": "top_middle",
"anchor_to": "top_middle",
"texture": "textures/mod/armorhud",
"offset":[0,4],
"size": [ 20, 20 ],
"layer": 2
}
},
{
        "title": {
"type": "label",
"anchor_from": "top_middle",
"anchor_to": "top_middle",
    "font_scale_factor": 0.8,
    "font_type": "smooth",
"text": "Armor status",
"offset":[0,25],
"layer": 2
}
},
{
"show_mod@pausett.button_toggle2":{
"$toggle_view_binding_name":"hud_armor",
"size":["98%",15],
"offset":[0,0],
"layer":3,
"anchor_to":"bottom_middle",
"anchor_from":"bottom_middle",
"$toggle_name":"null",
"$show_text":"E N A B L E D",
"$hide_text":"D I S A B L E D"
}
}
]
}
},



{
"status_mod_panel":{
"type":"panel",
"size":["33%","40%"],
"offset":[0,5],
"layer":3,
"anchor_to":"top_right",
"anchor_from":"top_right",
"controls":[
{
"background": {
"type": "image",
"anchor_from": "top_right",
"anchor_to": "top_right",
"texture": "textures/uidx/black",
"offset":[0,0],
"size": ["100%","100%"],
"layer": 1
}
},
{
"icon": {
"type": "image",
"anchor_from": "top_middle",
"anchor_to": "top_middle",
"texture": "textures/mod/sprint",
"offset":[0,4],
"size": [ 20, 20 ],
"layer": 2
}
},
    {"title": {
"type": "label",
"anchor_from": "top_middle",
"anchor_to": "top_middle",
    "font_scale_factor": 0.8,
    "font_type": "smooth",
"text": "Status Hud",
"offset":[0,25],
"layer": 2
}
},
{
"show_mod@pausett.button_toggle2":{
"$toggle_view_binding_name":"hud_status",
"size":["98%",15],
"offset":[0,0],
"layer":3,
"anchor_to":"bottom_middle",
"anchor_from":"bottom_middle",
"$toggle_name":"null",
"$show_text":"E N A B L E D",
"$hide_text":"D I S A B L E D"
}
}
]
}
},



{
"offhand_mod_panel":{
"type":"panel",
"size":["33%","40%"],
"offset":[0,-5],
"layer":3,
"anchor_to":"bottom_left",
"anchor_from":"bottom_left",
"controls":[
{
"background": {
"type": "image",
"anchor_from": "top_right",
"anchor_to": "top_right",
"texture": "textures/uidx/black",
"offset":[0,0],
"size": ["100%","100%"],
"layer": 1
}
},
{
"icon": {
"type": "image",
"anchor_from": "top_middle",
"anchor_to": "top_middle",
"texture": "textures/mod/offhand",
"offset":[0,4],
"size": [ 20, 20 ],
"layer": 2
}
},
{
        "title": {
"type": "label",
"anchor_from": "top_middle",
"anchor_to": "top_middle",
    "font_scale_factor": 0.8,
    "font_type": "smooth",
"text": "OffHand",
"offset":[0,25],
"layer": 2
}
},
{
"show_mod@pausett.button_toggle2":{
"$toggle_view_binding_name":"hud_offhand",
"size":["98%",15],
"offset":[0,0],
"layer":3,
"anchor_to":"bottom_middle",
"anchor_from":"bottom_middle",
"$toggle_name":"null",
"$show_text":"E N A B L E D",
"$hide_text":"D I S A B L E D"
}
}
]
}
},



{
"mainhand_mod_panel":{
"type":"panel",
"size":["33%","40%"],
"offset":[0,-5],
"layer":3,
"anchor_to":"bottom_middle",
"anchor_from":"bottom_middle",
"controls":[
{
"background": {
"type": "image",
"anchor_from": "top_right",
"anchor_to": "top_right",
"texture": "textures/uidx/black",
"offset":[0,0],
"size": ["100%","100%"],
"layer": 1
}
},
{
"icon": {
"type": "image",
"anchor_from": "top_middle",
"anchor_to": "top_middle",
"texture": "textures/mod/mainhand",
"offset":[0,4],
"size": [ 20, 20 ],
"layer": 2
}
},
{
        "title": {
"type": "label",
"anchor_from": "top_middle",
"anchor_to": "top_middle",
    "font_scale_factor": 0.8,
    "font_type": "smooth",
"text": "MainHand",
"offset":[0,25],
"layer": 2
}
},
{
"show_mod@pausett.button_toggle2":{
"$toggle_view_binding_name":"hud_mainhand",
"size":["98%",15],
"offset":[0,0],
"layer":3,
"anchor_to":"bottom_middle",
"anchor_from":"bottom_middle",
"$toggle_name":"null",
"$show_text":"E N A B L E D",
"$hide_text":"D I S A B L E D"
}
}
]
}
},



{
"keystrokes_mod_panel":{
"type":"panel",
"size":["33%","40%"],
"offset":[0,-5],
"layer":3,
"anchor_to":"bottom_right",
"anchor_from":"bottom_right",
"controls":[
{
"background": {
"type": "image",
"anchor_from": "top_right",
"anchor_to": "top_right",
"texture": "textures/uidx/black",
"offset":[0,0],
"size": ["100%","100%"],
"layer": 1
}
},
{
"icon": {
"type": "image",
"anchor_from": "top_middle",
"anchor_to": "top_middle",
"texture": "textures/mod/keystrokes",
"offset":[0,4],
"size": [ 20, 20 ],
"layer": 2
}
},
{
    "title": {
"type": "label",
"anchor_from": "top_middle",
"anchor_to": "top_middle",
    "font_scale_factor": 0.8,
    "font_type": "smooth",
"text": "Keystrokes",
"offset":[0,25],
"layer": 2
}
},
{
"show_mod@pausett.button_toggle2":{
"$toggle_view_binding_name":"hud_keystrokes",
"size":["98%",15],
"offset":[0,0],
"layer":3,
"anchor_to":"bottom_middle",
"anchor_from":"bottom_middle",
"$toggle_name":"null",
"$show_text":"E N A B L E D",
"$hide_text":"D I S A B L E D"
}
}
]
}
}



]
},


"armorhud":{
"type":"custom",
"renderer":"live_player_renderer",
"anchor_from":"bottom_middle",
"anchor_to":"bottom_middle",
"size":[16,16],
"layer":2,
"offset":[-100,1000],
"bindings":[
{
"binding_type":"view",
"source_control_name":"hud_armor",
"source_property_name":"(not #toggle_state)",
"target_property_name":"#visible"
}
]

},
"directionhud":{
"type":"custom",
"renderer":"hud_player_renderer",
"anchor_from":"bottom_left",
"anchor_to":"bottom_left",
"size":[16,16],
"layer":2,
"offset":[0,2000],
"bindings":[
{
"binding_type":"view",
"source_control_name":"hud_direction",
"source_property_name":"(not #toggle_state)",
"target_property_name":"#visible"
}
]

},
"statushud":{
"type":"custom",
"renderer":"live_player_renderer",
"anchor_from":"bottom_middle",
"anchor_to":"bottom_middle",
"size":[16,16],
"layer":2,
"offset":[0,3000],
"bindings":[
{
"binding_type":"view",
"source_control_name":"hud_status",
"source_property_name":"(not #toggle_state)",
"target_property_name":"#visible"
}
]

},
"offhand_items":{
"type":"custom",
"renderer":"live_player_renderer",
"anchor_from":"bottom_middle",
"anchor_to":"bottom_middle",
"size":[16,16],
"layer":2,
"offset":[0,4000],
"bindings":[
{
"binding_type":"view",
"source_control_name":"hud_offhand",
"source_property_name":"(not #toggle_state)",
"target_property_name":"#visible"
}
]

},
"mainhand_items":{
"type":"custom",
"renderer":"live_player_renderer",
"anchor_from":"bottom_middle",
"anchor_to":"bottom_middle",
"size":[16,16],
"layer":2,
"offset":[0,500],
"bindings":[
{
"binding_type":"view",
"source_control_name":"hud_mainhand",
"source_property_name":"(not #toggle_state)",
"target_property_name":"#visible"
}
]

},
"timercounter":{
"type":"custom",
"renderer":"live_player_renderer",
"anchor_from":"bottom_middle",
"anchor_to":"bottom_middle",
"size":[16,16],
"layer":2,
"offset":[100,6000],
"bindings":[
{
"binding_type":"view",
"source_control_name":"hud_timer",
"source_property_name":"(not #toggle_state)",
"target_property_name":"#visible"
}
]

}
}:"#visible"
}
]

}
}}
}
}}
}}
}}
}}}
}
}
}}
}visible"
}
]

}
}:"#visible"
}
]

}
}}
}
}}
}}
}}
}}}
}
}
}}
}}
}
}}
}}
}
}
}}
}
}
}}
}}}}}}}}}