


{
"namespace":"pausett",

"toggle_label":{
"type":"label",
"layer":4,
"font_scale_factor":0.8,
"text":"$t_text"
},
"toggle_image":{
"type":"image",
"$default|default":false,
"$hover|default":false,
"$pressed|default":false,
"controls":[
{
"@pausett.toggle_label":{}
}
]
},

"toggle_unchecked@pausett.toggle_image":{
"$default|default":true,
"texture":"textures/uidx/buttons/button1",
"$t_text":"$show_text"
},
"toggle_checked@pausett.toggle_image":{
"$pressed|default":true,
"texture":"textures/ui/XTab",
"$t_text":"$hide_text"
},
"toggle_unchecked_hover@pausett.toggle_image":{
"$hover|default":true,
"texture":"textures/uidx/buttons/button1",
"$t_text":"$show_text"
},
"toggle_checked_hover@pausett.toggle_image":{
"$hover|default":true,
"texture":"textures/ui/XTab",
"$t_text":"$hide_text"
},
"button_press_toggle@common.toggle":{
"$unchecked_locked_control|default":"pausett.toggle_unchecked",
"$unchecked_locked_hover_control|default":"pausett.toggle_checked",
"$checked_locked_control|default":"pausett.toggle_checked",
"$checked_locked_hover_control|default":"pausett.toggle_checked",
"$unchecked_control|default":"pausett.toggle_unchecked",
"$checked_control|default":"pausett.toggle_checked",
"$unchecked_hover_control|default":"pausett.toggle_unchecked_hover",
"$checked_hover_control|default":"pausett.toggle_checked_hover"
},
"button_toggle":{
"type":"panel",
"layer":3,
"$toggle_view_binding_name|default":"this_toggle",
"$template_toggle|default":"pausett.button_press_toggle",
"controls":[
{
"$toggle_view_binding_name@$template_toggle":{}
}
]
},





"button_press_toggle2@common.toggle":{
"$toggle_collection_detail_name":"$toggle_view_binding_name",
"$unchecked_locked_control|default":"pausett.toggle_unchecked2",
"$unchecked_locked_hover_control|default":"pausett.toggle_checked2",
"$checked_locked_control|default":"pausett.toggle_checked2",
"$checked_locked_hover_control|default":"pausett.toggle_checked2",
"$unchecked_control|default":"pausett.toggle_unchecked2",
"$checked_control|default":"pausett.toggle_checked2",
"$unchecked_hover_control|default":"pausett.toggle_unchecked_hover2",
"$checked_hover_control|default":"pausett.toggle_checked_hover2"
},
"button_toggle2":{
"type":"panel",
"layer":3,
"$toggle_view_binding_name|default":"this_toggle",
"$template_toggle|default":"pausett.button_press_toggle2",
"controls":[
{
"$toggle_view_binding_name@$template_toggle":{}
}
]
},
"toggle_unchecked2@pausett.toggle_image":{
"$default|default":true,
"texture":"textures/ui/XTab",
"$t_text":"$show_text"
},
"toggle_checked2@pausett.toggle_image":{
"$pressed|default":true,
"texture":"textures/uidx/buttons/button5",
"$t_text":"$hide_text"
},
"toggle_unchecked_hover2@pausett.toggle_image":{
"$hover|default":true,
"texture":"textures/ui/XTab",
"$t_text":"$show_text"
},
"toggle_checked_hover2@pausett.toggle_image":{
"$hover|default":true,
"texture":"textures/uidx/buttons/button5",
"$t_text":"$hide_text"
},





"toggle_image_3":{
"type":"image"
},

"toggle_image_real":{
"type":"image",
"texture":"$texture",
"controls":[
{
"@pausett.toggle_image_real":{}
}
]
},

"button_press_toggle3@common.toggle":{
"$unchecked_locked_control|default":"pausett.toggle_unchecked3",
"$unchecked_locked_hover_control|default":"pausett.toggle_checked3",
"$checked_locked_control|default":"pausett.toggle_checked3",
"$checked_locked_hover_control|default":"pausett.toggle_checked3",
"$unchecked_control|default":"pausett.toggle_unchecked3",
"$checked_control|default":"pausett.toggle_checked3",
"$unchecked_hover_control|default":"pausett.toggle_unchecked_hover3",
"$checked_hover_control|default":"pausett.toggle_checked_hover3"
},
"button_toggle3":{
"type":"panel",
"layer":3,
"$toggle_view_binding_name|default":"this_toggle",
"$template_toggle|default":"pausett.button_press_toggle3",
"controls":[
{
"$toggle_view_binding_name@$template_toggle":{}
}
]
},


"toggle_unchecked3@pausett.toggle_image_3":{
"$default|default":true,
"texture":"textures/ui/XTab",
"$texture":"$texture_3",
"$t_text":"$show_text"
},
"toggle_checked3@pausett.toggle_image_3":{
"$pressed|default":true,
"texture":"textures/uidx/buttons/button5",
"$texture":"$texture_3",
"$t_text":"$hide_text"
},
"toggle_unchecked_hover3@pausett.toggle_image_3":{
"$hover|default":true,
"texture":"textures/ui/XTab",
"$texture":"$texture_3",
"$t_text":"$show_text"
},
"toggle_checked_hover3@pausett.toggle_image_3":{
"$hover|default":true,
"texture":"textures/uidx/buttons/button5",
"$texture":"$texture_3",
"$t_text":"$hide_text"
}
}

