


{
"namespace":"pausett",

"toggle_label":{
"type":"label",
"layer":4,
"font_scale_factor":0.8,
"alpha": 0.8,
"font_type": "smooth",
"text":"$t_text"
},
"toggle_image":{
"type":"image",
"$default|default":false,
"$hover|default":false,
"$pressed|default":false,
"controls":[
{
"@pausett.toggle_label":{}
}
]
},

"toggle_unchecked@pausett.toggle_image":{
"$default|default":true,
"texture":"textures/uidx/buttons/button1",
"$t_text":"$show_text"
},
"toggle_checked@pausett.toggle_image":{
"$pressed|default":true,
"texture":"textures/uidx/buttons/button2",
"$t_text":"$hide_text"
},
"toggle_unchecked_hover@pausett.toggle_image":{
"$hover|default":true,
"texture":"textures/uidx/buttons/button1",
"$t_text":"$show_text"
},
"toggle_checked_hover@pausett.toggle_image":{
"$hover|default":true,
"texture":"textures/uidx/buttons/button2",
"$t_text":"$hide_text"
},

"button_press_toggle@common.toggle":{


"$unchecked_locked_control|default":"pausett.toggle_unchecked",
"$unchecked_locked_hover_control|default":"pausett.toggle_checked",
"$checked_locked_control|default":"pausett.toggle_checked",
"$checked_locked_hover_control|default":"pausett.toggle_checked",
"$unchecked_control|default":"pausett.toggle_unchecked",
"$checked_control|default":"pausett.toggle_checked",
"$unchecked_hover_control|default":"pausett.toggle_unchecked_hover",
"$checked_hover_control|default":"pausett.toggle_checked_hover"
},

"button_toggle":{
"type":"panel",
"layer":3,
"$toggle_view_binding_name|default":"this_toggle",
"$template_toggle|default":"pausett.button_press_toggle",
"controls":[
{
"$toggle_view_binding_name@$template_toggle":{}
}
]
},




"toggle_panel":{
"type":"panel",
"$tab_size|default":["100%","100%"],
"$sound_name|default":"random.click",
"size":["100%","100%"],
"$radio_toggle_group":true,
"$toggle_focus_enabled":true,
"$is_back_button|default":false,
"$has_double_click_function|default":false,
"$binding_type":"global",
"$binding_condition":"once",

"$is_custom_button|default":false,
"$custom_from_button_id|default":"",
"$custom_to_button_id|default":"",
"$custom_mapping_type|default":"global",
"$custom_scope|default":"",
"controls":[
{
"$tab_view_binding_name@common.toggle":{
"sound_name":"$sound_name",
"size":"$tab_size",
"button_mappings":[
{
"from_button_id":"button.menu_select",
"to_button_id":"button.menu_select",
"mapping_type":"pressed"
},
{
"from_button_id":"button.menu_ok",
"to_button_id":"button.menu_ok",
"mapping_type":"focused"
},
{
"ignored":"(not$is_back_button)",
"from_button_id":"button.menu_cancel",
"to_button_id":"button.menu_select",
"mapping_type":"global"
},
{
"ignored":"(not$is_custom_button)",
"from_button_id":"$custom_from_button_id",
"to_button_id":"$custom_to_button_id",
"mapping_type":"$custom_mapping_type",
"scope":"$custom_scope"
}
]
}
}
]
}
}

