{"achievements_button@main_button":{"$button_text":"§fAdvancements","$pressed_button_name":"button.menu_achievements"},"change_skin_button@purple_button":{"$button_text":"§fCosmetics","$pressed_button_name":"button.menu_skins","anchor_from":"center","anchor_to":"center","offset":[40,0]},"client_picture":{"anchor_from":"bottom_left","anchor_to":"bottom_left","max_size":["100%","100%"],"offset":[-117,-4],"size":["80%","80%"],"texture":"textures/ui/title_icon","type":"image"},"client_version":{"anchor_from":"bottom_left","anchor_to":"bottom_left","bindings":[{"binding_name":"#client_version"}],"font_type":"smooth","layer":2,"max_size":["100%","100%"],"offset":[0,2],"size":["default",20],"text":"§ePG§rClient","type":"label"},"content@base_screen.root_screen":{"$bottom_content":"start_astral_screen.text_panel","$middle_background_animation":["@screen_animations.middle_background_fade_out_animation_once","@screen_animations.middle_background_fade_out_animation_push","@screen_animations.middle_background_fade_out_animation_pop","@screen_animations.middle_background_fade_back_animation_push","@screen_animations.middle_background_fade_back_animation_pop"],"$middle_content":"start_astral_screen.main_menu_panel","$top_content":"start_astral_screen.top_menu_panel"},"exit_button@purple_button":{"$button_text":"§l§4Exit","$pressed_button_name":"button.menu_exit","anchor_from":"top_right","anchor_to":"top_right","offset":[0,"5%"],"size":[25,25]},"main_button@common_buttons_concept.green_button":{},"main_buttons_panel":{"anchor_from":"center","anchor_to":"center","controls":[{"play_button@play_button":{}},{"spacer_1@spacer_panel":{}},{"multiplayer_button@multiplayer_button":{}},{"spacer_1@spacer_panel":{}},{"achievements_button@achievements_button":{"bindings":[{"binding_name":"#achievements_visible","binding_name_override":"#visible"}]}}],"offset":[0,0],"size":[125,"default"],"type":"stack_panel"},"main_menu_panel":{"controls":[{"main_menu_panel_content":{"anchor_from":"center","anchor_to":"center","controls":[{"main_buttons_panel_center":{"controls":[{"main_buttons_panel@main_buttons_panel":{}},{"title_image@title_image":{}}],"size":["100%","100%"],"type":"panel"}},{"skin_panel":{"controls":[{"viewer_panel@skin_viewer_panel":{}}],"size":"@screen_animations.skin_viewer_panel_size_wait_animation","type":"panel"}}],"offset":[8,15],"orientation":"horizontal","size":["100%","100%"],"type":"stack_panel"}}],"type":"panel"},"multiplayer_button@main_button":{"$button_text":"§fMultiplayer","$pressed_button_name":"button.menu_play"},"namespace":"start_astral_screen","options_button@purple_button":{"$button_text":"§fSetings","$pressed_button_name":"button.menu_settings","anchor_from":"center","anchor_to":"center","offset":[-85,0]},"play_button@main_button":{"$button_text":"§fSingleplayer","$pressed_button_name":"button.menu_play"},"profile_button@purple_button":{"$button_text":"§fCosmetics","$button_tts_header":"accessibility.start.profile","$focus_id":"profile_button","$pressed_button_name":"button.to_profile_screen","anchor_from":"center","anchor_to":"center","offset":[40,0]},"purple_button@common_buttons_concept_purple.purple_button":{},"spacer_panel":{"size":["100%",5],"type":"panel"},"store_button@purple_button":{"$button_text":"§fMarkeplace","$pressed_button_name":"button.menu_store","anchor_from":"center","anchor_to":"center","offset":[-25,0]},"tag_panel":{"anchor_from":"center","anchor_to":"center","controls":[{"name_tag":{"anchor_from":"center","anchor_to":"center","bindings":[{"binding_name":"#playername"}],"layer":2,"renderer":"name_tag_renderer","size":[8,8],"type":"custom"}}],"offset":[140,0],"size":["100%","100% - 24px"],"type":"input_panel"},"text_panel":{"controls":[{"version@version":{}},{"client_version@client_version":{}},{"xbl_signin_button@xbl_signin_button":{}}],"offset":[0,0],"size":["100%","100%"],"type":"panel"},"title_image":{"controls":[{"title_image":{"anchor_from":"center","anchor_to":"center","size":"$title_image_size","texture":"textures/ui/title","type":"image"}}],"layer":33,"offset":[-6,-56],"size":["50%",100],"type":"panel"},"top_menu_panel":{"controls":[{"client_picture@client_picture":{}},{"options_button@options_button":{}},{"store_button@store_button":{"enabled":"($not_store_disabled)"}},{"change_skin_button@change_skin_button":{}},{"tag_panel@tag_panel":{}},{"xbl_player__panel@xbl_player__panel":{}},{"exit_button@exit_button":{}}],"offset":[0,0],"size":["100%","100%"],"type":"panel"},"version":{"anchor_from":"bottom_right","anchor_to":"bottom_right","bindings":[{"binding_name":"#version"}],"font_type":"smooth","layer":2,"max_size":["100%","100%"],"offset":[0,2],"size":["default",20],"text":"Copyright Mojang AB. Do not ditribute! ","type":"label"},"xbl_player__panel":{"anchor_from":"center","anchor_to":"center","offset":[90,0],"size":["80%","80%"],"texture":"textures/ui/user_lunar","type":"image"}}