{
  "resource_pack_name": "peler",
  "padding": 8,
  "num_mip_levels": 4,
  "texture_data": {
    "gold_block": {
      "textures": [
        "textures/blocks/gold_block",
        "textures/block/gbl"
      ]
    },
    "emerald_block": {
      "textures": [
        "textures/blocks/emerald_block",
        "textures/block/eb"
      ]
    },
    "iron_block": {
      "textures": [
        "textures/blocks/iron_block",
        "textures/block/ib"
      ]
    },
    "diamond_block": {
      "textures": [
        "textures/blocks/diamond_block",
        "textures/block/db"
      ]
    },
"gilded_blackstone": {
      "textures": [
        "textures/blocks/gilded_blackstone",
        "textures/rikosurya/gb"
      ]
     },
 "magma": {
      "textures": [
        "textures/blocks/magma",
        "textures/rikosurya/m"
      ]
    },
   "coal_ore": {
     "textures": [
        "textures/blocks/coal_ore",
        "textures/rikosurya/ore_c"
      ]
    },
    "deepslate_coal_ore": {
     "textures": [
        "textures/blocks/deepslate/deepslate_coal_ore",
        "textures/rikosurya/d/ore_c"
      ]
    },
   "copper_ore": {
      "textures": [
         "textures/blocks/copper_ore",
         "textures/rikosurya/ore_cp"
      ]
    },
    "deepslate_copper_ore": {
      "textures": [
         "textures/blocks/deepslate/deepslate_copper_ore",
         "textures/rikosurya/d/ore_cp"
      ]
    },
   "diamond_ore": {
     "textures": [
        "textures/blocks/diamond_ore",
        "textures/rikosurya/ore_dm"
       ]
    },
   "deepslate_diamond_ore": {
      "textures": [
        "textures/blocks/deepslate/deepslate_diamond_ore",
        "textures/rikosurya/d/ore_dm"
      ]
    },
   "gold_ore": {
      "textures": [
        "textures/blocks/gold_ore",
        "textures/rikosurya/ore_g"
      ]
    },
   "deepslate_gold_ore": {
      "textures": [
        "textures/blocks/deepslate/deepslate_gold_ore",
        "textures/rikosurya/d/ore_g"
      ]
    },
   "iron_ore": {
      "textures": [
         "textures/blocks/iron_ore",
         "textures/rikosurya/ore_i"
      ]
    },
    "deepslate_iron_ore": {
      "textures": [
         "textures/blocks/deepslate/deepslate_iron_ore",
         "textures/rikosurya/d/ore_i"
      ]
    },
   "emerald_ore": {
      "textures": [
        "textures/blocks/emerald_ore",
        "textures/rikosurya/ore_e"
      ]
    },
   "deepslate_emerald_ore": {
      "textures": [
        "textures/blocks/deepslate/deepslate_emerald_ore",
        "textures/rikosurya/d/ore_e"
      ]
    },
   "lapis_ore": {
     "textures": [
        "textures/blocks/lapis_ore",
        "textures/rikosurya/ore_l"
       ]
     },
   "deepslate_lapis_ore": {
      "textures": [
        "textures/blocks/deepslate/deepslate_lapis_ore",
        "textures/rikosurya/d/ore_l"
      ]
    },
    "lapis_block": {
      "textures": [
        "textures/blocks/lapis_block",
        "textures/rikosurya/lb"
      ]
    },
    "redstone_ore": {
      "textures": [
        "textures/blocks/redstone_ore",
        "textures/rikosurya/ore_r"
      ]
    },
   "deepslate_redstone_ore": {
      "textures": [
        "textures/blocks/deepslate/deepslate_redstone_ore",
        "textures/rikosurya/d/ore_r"
      ]
    },
        "crimson_log_side": {
      "textures": [
      "textures/blocks/huge_fungus/crimson_log_side",
      "textures/rikosurya/cls"
      ]
    },
    "crimson_log_top": {
      "textures": [
      "textures/blocks/huge_fungus/crimson_log_top",
      "textures/rikosurya/clt"
      ]
    },
     "warped_stem_side": {
      "textures": [
      "textures/blocks/huge_fungus/warped_stem_side",         
      "textures/rikosurya/wss"
      ]
    },
    "warped_stem_top": {
      "textures": [
      "textures/blocks/huge_fungus/warped_stem_top",
      "textures/rikosurya/wst"
      ]
    },
    "redstone_block": {
      "textures": [
        "textures/blocks/redstone_block",
        "textures/belok/rb"
      ]
    },
    "quartz_ore": {
      "textures": [
        "textures/blocks/quartz_ore",
        "textures/rikosurya/ore_q"
      ]
    },
        "ancient_debris_top": {
      "textures": [
      "textures/blocks/ancient_debris_top",
      "textures/rikosurya/adt"
      ]
    },
    "ancient_debris_side": {
      "textures": [
      "textures/blocks/ancient_debris_side",
      "textures/rikosurya/ads"
      ]
    },
     "crying_obsidian": {
      "textures": [
        "textures/blocks/crying_obsidian",
        "textures/rikosurya/co"
      ]
    },
    "brewing_stand": {
      "textures": [
        "textures/blocks/brewing_stand",
        "textures/rikosurya/b"
      ]
    },
    "chorus_flower_dead": {
      "textures": [
        "textures/blocks/chorus_flower_dead",
        "textures/rikosurya/cfd"
      ]
    },
    "ender_chest_front": {
      "textures": [
        "textures/blocks/ender_chest_front",
        "textures/block/ec"
      ]
    },
    "mushroom_block_skin_red": {
      "textures": [
        "textures/blocks/mushroom_block_skin_red",
        "textures/block/mbsr"
      ]
    },
    "mushroom": {
      "textures": [
        "textures/blocks/mushroom_red",
        "textures/block/mr"
      ]
    },
    "nether_wart_block": {
      "textures": [
        "textures/blocks/nether_wart_block",
        "textures/block/nwb"
      ]
    },
    "crimson_fungus": {
      "textures": [
        "textures/blocks/crimson_fungus",
        "textures/rikosurya/cf"
      ]
    },
    "warped_fungus": {
      "textures": [
        "textures/blocks/warped_fungus",
        "textures/rikosurya/wf"
      ]
    },
    "nether_gold_ore": {
      "textures": [
        "textures/blocks/nether_gold_ore",
        "textures/rikosurya/ore_ng"
      ]
    },
    "weeping_vines_base": {
      "textures": [
        "textures/blocks/weeping_vines_base",
        "textures/rikosurya/wv"
      ]
    },
    "beacon_core": {
      "textures": [
        "textures/blocks/beacon",
        "textures/block/ez"
      ]
    },
 "beacon": {
      "textures": [
        "textures/blocks/beacon",
        "textures/belok/ez"
      ]
     },
    "mob_spawner": {
      "textures": [
         "textures/blocks/mob_spawner",
         "textures/rikosurya/ms"
       ]
     },
    "coral": {
      "texture": [
        "textures/blocks/coral_plant_blue",
        "textures/belok/c",
        "textures/blocks/coral_plant_pink",
        "textures/blocks/coral_plant_purple",
        "textures/blocks/coral_plant_red",
        "textures/blocks/coral_plant_yellow",
        "textures/blocks/coral_plant_blue_dead",
        "textures/blocks/coral_plant_pink_dead",
        "textures/blocks/coral_plant_purple_dead",
        "textures/blocks/coral_plant_red_dead",
        "textures/blocks/coral_plant_yellow_dead"
     ]
    }
  }
}